path,id
index.html,2xKznyA6zJqrCIM7qqrGx40nj3gg1ryBo0XEucUGkMU
f5855df89c27f5cc136a7a517e873126.js.LICENSE.txt,cb_xr3Ax38GsBk4idgXgz5sIxWXiTC1I-RtEos6GcfA
logo512.png,2LKBV5NIEsbJWeHsyT9iWQaIeX45thb2sE_Z8Pi4IWQ
asset-manifest.json,JYa2q-HtRfTwtygNhHEhZid6WpPGFnK-lNAD2pH_qbc
static/css/1.c816fe50.chunk.css.map,pEnaR67mkzoFg8PQwJW8V8lY9RlBklG4_t8h4BJnDMg
static/css/1.c816fe50.chunk.css,NCxpe-4zyYr8M7wUYZOZfui43Rmc-vedDV4HCfjWeAI
scaffold-eth.png,5e7gFBd-GAm7T1XnRLv_J9cr_LsMEJPVvaGs0pE_k2g
dark-theme.css,yzLfnGX53061zYg7KRZuWaCsGiY9pyY0fpBFLSt-01s
static/css/main.34c04452.chunk.css.map,ke4ecd3xOASHxDuTfUSyYihdZrPevSMvtYC4gf6dkA4
static/css/main.34c04452.chunk.css,aRZ1VvcCWrg3CdzfGbxK6-RNlhFZDDecywc5MddyiPw
static/css/7.00c9588c.chunk.css,NSljQqqaDeZWpYAowBpAKb4i9AodFOdi09sNAkE3dOk
light-theme.css,0HsHYGD3NrRBkGUS5S4FczLWentTds_PPvQY4Vu-R04
static/js/19.53768537.chunk.js,Nn_z8cWq8CCRna2zxQlz7Xt0On8NL1pQ_-0scW0GI6Y
static/css/7.00c9588c.chunk.css.map,doJwkAoku2bDCzhANrI5OXo2CBdT2tugGwrFRmMpe64
static/js/2.d45aa155.chunk.js.map,pDhpVUWacxjOjrNrUn4Qx7yDSWTn9Mhw8aaioxQhyz4
static/js/33.00e40acd.chunk.js.map,LbqxXRK31tC4i-anRdqKxTTIkMBpoWx0uIuH0eFNZjc
static/js/3.f0b30591.chunk.js.map,3MCmxvnwIw-X9caGxo7CbgONx-sh3kogkr8u3jEANRA
static/js/11.edc0ba60.chunk.js.map,JBSjUZE6aQk5pQE55e5BrgPA6w9572OAd9J1WpHotUY
static/js/23.6d216084.chunk.js,E1xxE0j9yWazHfQAUze6lXAp5UmVpQxY7wLRu3o51gI
static/js/11.edc0ba60.chunk.js,vStEU1_4TpdTHqYqRcsHTVZui7_5JtCqv5dLToMurQM
static/js/23.6d216084.chunk.js.map,EdkRqWviCr7U4tysC_2-Ip4GOQWbmSQza9dTI329rn8
static/js/1.f7960c19.chunk.js.map,O9IzlWmM5da5EQhqsQuFFHDXekGH1H949pHCXyUSX_o
static/js/runtime-main.41b3b46d.js.map,6ahkpngGtgTHhTUFZGmw4x3VQHNL1KAhjOCedKvHRs0
static/js/25.56fd51e9.chunk.js.map,GzVh1aLSV2-16v2V4FglZov1HBxeVNK1U8HUizZ03Zw
static/css/6.50bd6f79.chunk.css,B54h_dOKcHU9iqfm8enwSk8nFDGAz8O0JFUCPPuSLvI
static/js/6.d14df7bd.chunk.js.LICENSE.txt,aGV6SLgyCt8WQzq-dDECaKfRCrn5Dn_-KAZp_qnWsGE
static/js/20.cbdb74d6.chunk.js.map,JLuiJ4OPzSZZ-a8lg-1c9zMG7sm9S_LwGSM2FDrGwnI
static/js/17.606471cb.chunk.js.map,4NtL7ctxW7aaV2xWeep_exCk5esljD_kt_fbVrh0wLw
static/js/0.5da265a6.chunk.js,bB9xf1bTvx7LhN5zgcEZurKYICRHdOAX8tAXEkxuAqg
static/js/20.cbdb74d6.chunk.js,TezQvHReLFdzXEZleAJ_A43gHqStZr6-xXeDbBketUU
static/js/18.bd7f27f4.chunk.js,qacWxU0Fag2FYFfScNnvCugVE3k2xDAj7OQbej8JTZY
static/js/21.82eb4cc4.chunk.js,OPU53q_d1ABKZ_77FQw7grHMohMEtsjTTbGNNHcaJw4
static/js/0.5da265a6.chunk.js.map,EUXZDGfTTlO_PqoZLLxHnXzBOKNib2nGpoka05obK1Y
static/js/30.cde6fa4f.chunk.js.map,xVFp8ZSDy32B45xHU4FMzD0C12c6Q6wKtmhBh14yxO0
static/js/24.deb0f15d.chunk.js,FscndVWJtg5fiM3WgBZOaKLGQJQHYp-nfvl_41sJc9k
static/js/26.4507daac.chunk.js.map,pm_nbxeUKuEe8c6cSvrqy2oD4a7cFkBDYWLJdTtek4E
static/js/21.82eb4cc4.chunk.js.map,speL14j3zccj0Do2zrVZiwr-QayVWEf1IUfChRAeq50
static/js/3.f0b30591.chunk.js,-2GfrraXdIpq6UyQg8cW1K0Wju0DCOjDvrK4m7YP8PU
static/js/9.d15895ad.chunk.js,NQ79flM-BiVeoUnnCe0qzNw3lj5IKXS0irzPjhjd8sI
static/js/7.ab0672c4.chunk.js.LICENSE.txt,q6rjtxSq6ohMYNnZ_UIUOmzBhl7A3vUMcMVQUU78tBA
static/js/32.33fa95bc.chunk.js.map,H6D6M0RqifqqVkZDmb18ahO7Lbf9Pefjh_v9U6NQL54
static/js/12.86fc5010.chunk.js.map,SS6EepQnUBHBstvcLeKlNp3au-YuQBNJZPLppJVx0XY
static/js/31.b427fa34.chunk.js.map,_0xk3bjTvFUiwLXpH371CuXoNBoMfzhr7Om7iS1hDuM
static/js/16.43e63f63.chunk.js,iMKwxflTDG49Pyh3rg63KpKoLEX_-EsGlWYQ4wdP_Lw
static/js/18.bd7f27f4.chunk.js.map,_-muWosUB81hKUNlrYY-EZhZ8pBnZSA-pmTaZmgJKmw
static/js/22.ab67f629.chunk.js.map,Xaf2A5xZWBttXa1Tqx8alFGIdA6fGMOYkgxnV2keLss
static/js/7.ab0672c4.chunk.js,ZZj99qtQvQ2piRR8oOH23c0vHEXsb_ZNlimxytbmDEs
static/js/34.faed9ad9.chunk.js,X2egAj9Ug8RhXzi4Xl209Rh5r4lx3gwtvunyFKg6QJ0
static/js/main.6058c7de.chunk.js.map,Dsg58JFitHcPSNiylpKLNhH4iy05WDHOYKrRL-L6m_Q
static/js/runtime-main.41b3b46d.js,4HjV9Aibg6pYBg1phXREB9Dg5lMlUJjyjXbOV9K6wn4
static/js/10.d3fe2d2b.chunk.js.map,goq6gfLXRM-wouUfU6PoGsaDlEETG-wrqseshcAAOZ4
static/js/33.00e40acd.chunk.js,efx6smi0QHGkxqhETjlu3YRTKXp8i-dNZvzd0ms_z08
static/js/27.c4a8bcba.chunk.js,Z5lQvpNbZv18Lp3_IjTzxl1C4sqeSiQzyaUu4Ab-fqE
static/js/12.86fc5010.chunk.js,KOlUyhVDfH4rc-UncOfb44ShMe5M703a77ReHOYxJg0
static/js/8.a1825725.chunk.js,Bq7jZBQanx8c0BSDC-lB5t9PVMRLEEZdTTKGr1c-n8Q
static/js/16.43e63f63.chunk.js.map,r5_yrbE5G9K3cHyElVmZsQoLmPn2GjX4SikXZq2vJpg
static/js/24.deb0f15d.chunk.js.map,4UJuhhGbDbgLYZPzXBAfaYJ_7NYVuUHpt2uxQftuB_8
static/js/8.a1825725.chunk.js.LICENSE.txt,BCK6qsu-KayBRpUc9mQ3dP7Ub6xZM6Q4btxXhtr76XA
static/js/main.6058c7de.chunk.js,4TDLN7cFjjvR9TzfctxkFdMNiBaqqnCUW_3o3D5u8m0
static/css/6.50bd6f79.chunk.css.map,L3IUHjhzy0VJ6wk0o7rRNXsHewGdNB_XHfc4tgVoHzw
static/js/9.d15895ad.chunk.js.map,gqe73BOHNJm4ncz7pTPY9n9oWbxHh3bHdIPF4z1whY8
static/js/13.8656e22c.chunk.js.map,dgGL4wEYlbvxnTRICYjY7l_BtXedXdlLNNw-De-YQUc
static/js/22.ab67f629.chunk.js,Mg5wZCIC9G9dF9Ei2mGrPJURYzwfGs6n4leOnZwq1ZI
static/js/1.f7960c19.chunk.js,s4EjsiN8-NJsEnzYg2sGJScoSRULZtFRvyxPt5JiQaw
static/js/31.b427fa34.chunk.js,3wqoOX3BQkO6oSX4C4LKcD_AsGHq4ell6rKQOToRHWE
static/js/14.88b55dfc.chunk.js,nBj3Q9zLhqVpZHDV6ECqsmmt48LfOLdU74dEujtayVc
static/js/34.faed9ad9.chunk.js.map,DIsKNvEafNHzQqm7bIpKp3-xNRCveM3OOqY5Z4kFWNQ
static/js/15.4d05ede1.chunk.js,PNc65a_K-KYEwuUEnxPCT2GV2i169WR8h4E0s51pTFw
static/js/8.a1825725.chunk.js.map,MiZt_qiQ3A84g7DrEeI8nMoUiMccT_sLpPKWbcRuv2Y
static/js/28.f167ca47.chunk.js,cuSxWzusBvRgy36n7UEHoz6CWke36s2teM4H_ec5MpM
static/js/32.33fa95bc.chunk.js,-6Hgy3P2avW7jTLnjW6yo6gkUa1UmeYTqLLBZAVuBHw
static/js/19.53768537.chunk.js.map,HEPHNI9LxrFT1Dl2ZkpzQGe-Twmu_wLiqcUYBU5MLSE
static/js/15.4d05ede1.chunk.js.map,47YS4jyumkziLLR77e8yrVwfdwxRjwa2qEhxDuaQhKg
static/js/10.d3fe2d2b.chunk.js,a9VZBqssDoWyYMYjmPzUe1gx-mZrjsWXoF8dDBJtwOM
static/js/25.56fd51e9.chunk.js,1jmJFQ7VskEGRXwWMT3fkqyGxmxCcT21p3n7MZ25YmY
static/js/26.4507daac.chunk.js,06N03K6VaHz5J9peSWn_vym4LbLm3ymuQyYbsuf6nLw
static/js/14.88b55dfc.chunk.js.map,48M3CQoFwsPPEIMseL54hIDWXd-YyquHOhFRzmdzltk
static/js/17.606471cb.chunk.js,r-7kbmjqXoQ1HIgF3zlqC25WF8Ac06yRlQ4h6kIGHNg
static/js/27.c4a8bcba.chunk.js.map,62ASmf6Uh7n3tyfl7Kmg2eMvTgkO-nBOsNjoZ-rkz3c
static/js/29.72973c85.chunk.js,eJLy4-IVNMbU50bVYgeEWH8sTuFT_vbzrbsU-3WlUHI
static/js/29.72973c85.chunk.js.map,DNO_Y9xmRPW6Nbbm2xDMjTxcGriRbaHoX4ABKvfrXrE
static/js/13.8656e22c.chunk.js,oz1_2AuvY29EjhW-9Ynaw9XfMG8TL2jssqv53wEJwOE
static/js/2.d45aa155.chunk.js,Z5UGfjK_mg0ihBlEFNKUBUOYz5YS0HkHx25nrTUsKtM
static/js/28.f167ca47.chunk.js.map,XMAR5m8qp1QnUgYbivQkPeDvc1jGKgjoIXzOWgh2knY
static/js/30.cde6fa4f.chunk.js,MbBvCzdlbi27BI4KpXEBJpMmQr3bFlpaW0LnPi6P4Vc
static/media/slick.29518378.woff,oXpNa32ZMf64sjJRc-U0U7k056H1VjDC12Pq6eloi5Q
static/media/BlueTechBanner.7597fd4e.png,uFMOBcc3ZWB18mxRMAvMT--f7aheQTPhq_9UZbE7q6I
static/media/abstract.e25bada6.png,WG9NLYM9A39_t1qNDrDeVoLaaWWsMLWTEDMTu1qlyMk
static/media/info.21990852.svg,pW7IdXsY0y0mUZKCpKwpNV3w07no3SaVf9VGqzTr5Xw
static/media/best_mark.610c3f92.png,jANbk_RquGQYd1eXswaEIuiIQfe2ILvg-GCdcBJtUg0
static/media/search.0cb7da09.svg,rL15nYNDwn6JKkdCUGIN9lRs4rPLwZqI9KCRGccuRCQ
static/media/know.fd98dc78.png,uUvva7wIXmWWJPDsTNggi7ieOgin3X7guC-EkwfYei0
static/media/clear.c3bcd3f6.svg,x2BCSwPqMTezypkwQfcyXonGCpwAgqw28nNJmLo4A0E
static/media/technology-data.3619deb3.png,9qK3V0l_eVlxPAci4vf9H-lk0Zpk1O98j8f6vGj389g
static/media/earth_mobile.362ba817.png,D-NikPAlN8lIriq-3BpVBApDTN0PiUbYQRI-4Fohdaw
static/media/article_back.edb2978a.png,0SB76mPf3j4JA9nQ6VfkxSauYik0gE6NU2BWTFai98Y
static/media/party.7f155af8.svg,sg2BBaHvSQOF5e3_w5QvTtzTqM1Fjhxk6IQrmqJcKPc
static/media/tradition.ceb2178b.png,7zqbmOkm3ai463sN_mPmYwwDP5pVfaz7zqLUJtX1Bg0
static/media/earth.6a07074b.png,pBEf-JgOjvPjlUh0_GOEYa8Iio3Ef7wwyT6JIG6JkzA
static/media/contact_rect.875ede13.png,b4DZ2RBed0sDWmsWY_c7A1vUWWIsZ_Mzpy7mGcG-VDM
static/media/author_pro.73c51231.png,64G1rhuSovme7Gw2D1YaixdB_iTJvxJbKdwSB60xKBI
static/media/partnership.164d4791.png,QVOdrw0j8wNaq2fU0mha4-rucNuNYcZzioGEyQyEgWw
static/media/people_at.15ba7a99.png,ieOYAw5xbIx8FDd1QjrhpbOMcfS4obY_xXCROFPBX2Q
static/media/step.fa2e5dda.png,MwlRD74G5oZTtTP3mmwmBiuWhAKqpqy136plpxMZoVU
static/media/contact_join_us.ebe82b4e.png,LfRHlfwlQ3yGNeCkJdCSTZ94nmHmvGgbTbGFCvSBw14
static/media/slick.2630a3e3.svg,v-PpM00ALhZrAILkTgu5N2sGwV4S01K24uShgJx7alE
static/media/slick.c94f7671.ttf,iegEJr8Y6Xd9jbSy2j6iFxGM_GUM3RK39uf9ojKJ3Oo
static/media/arrowWhite.56658fc2.svg,t7BIvXH-xPO9km6eJJOQhLbDVrUFVEMF6p7BfrntbKQ
static/media/slick.a4e97f5a.eot,Kua0604IDb4ukFJnEFGRiBOfHqF_wyKXzkLukqvX2bU
manifest.json,PCZEqlJkqD0flY-9kAS9LLNVuG9dXVgRKr-zcDsSOcw
static/media/about.116c78f5.png,YgG78PMcuKJlE3OR9pnd5jFnztAFcLSb49lkVZgU7sk
robots.txt,aQK6vx65ziAroYZAwnyR__QeaX-PYLeypOP5ba8z1Ns
manifest.arkb,v_lHLyVDstzE5syg53Fr4iDNaVuSksat1Z61oPnvi50
logo192.png,k-RplAuOJKMcjh_duArBtDLlbtBR1pTjaHuIvk_diwI
f5855df89c27f5cc136a7a517e873126.js,UIItfDPbmWPImtgs5sgvVGoE5YxTH2Th4001oL7tWtw
static/js/7.ab0672c4.chunk.js.map,DPCZF_AdztMnKs7kZ-Go2Gf1c1xFPID7PUF7nsXvxU8
static/js/6.d14df7bd.chunk.js,tuJJBjtO7Cp12JO0GJjKbIxQddyA9lVl4HZh6TW87CA
static/js/6.d14df7bd.chunk.js.map,wuBNwRqxDKV9ziRHH1bVsl6IGU3B33oNAzxKL7GckSc
static/css/1.01cbf616.chunk.css,Ny-pbVsn54Ds3EYEX3Oz68NrEPY9e2w7o2sn-7btuiY
static/css/1.01cbf616.chunk.css.map,fthTNJvWKO0Qp5poTCAUVOP4d1pbMl3wCYeMTife9z8
static/css/main.8e2a6558.chunk.css,3NYwzXxCn78lGoRx_ZPc7ula8SCR81hn4AUgT-5lJZs
static/css/main.8e2a6558.chunk.css.map,yYoDuINc1x_sNxWcuwOnoNotK5U30nrVu0dS6_YfcOo
static/js/31.5da14ea4.chunk.js.map,9GhfwRQvi_MIezIZVEqvG0wYCrNhK_SuSzNsICQceeY
static/js/runtime-main.2deafb43.js,SAU47A3VqR1jQ5OQsfLexggx77gI2qsbOYUoI777fnw
static/js/31.5da14ea4.chunk.js,F_q6lGhgUmJkIRPlkJfqzrHwl5pyause0cp9YItTUmU
static/js/runtime-main.2deafb43.js.map,DmKhgxBahn8o0qGLGweKcPn-Mtk79Lvkjpc5Dfk45QA
static/js/6.7cc66ac1.chunk.js,ZUSHqWl67kfeS7CekjiWXLlggjn7O7CT8q_U263mxJ4
static/js/main.6722833f.chunk.js,YdlUY4qFb_lCaCHtfx1Z0jAZZ2EJetsTlI1U8XRUwHM
static/js/6.7cc66ac1.chunk.js.LICENSE.txt,AunQXf84_ACiYnJHs4URuITZ9pWx9bXSmFkVGCMp3sg
static/js/7.54c75a61.chunk.js,Ii7VNZ3Boxgepi6-omxzE_4_lHI4jqTtwu_ehjtYLHY
static/js/7.54c75a61.chunk.js.LICENSE.txt,BZI0uO8deZIK8slsU9gmaRRWrYQRWagvp_JVE5p88Yc
static/js/7.54c75a61.chunk.js.map,Ds9wLGSxNwSXxdaSTgTdLhBHgfnxOPkhnZyx6OzMPMg
static/js/main.6722833f.chunk.js.map,6gBxTIq80hX9pYdCBsRWLjduJDcgbziS9eXezKmTDNU
static/js/6.7cc66ac1.chunk.js.map,O38OsV6ljAp8w0aQwyqmJOMtkhXXSbt5IPmRsVdR30Y
static/js/28.d3ce9af2.chunk.js,xJ_EXsI5iIDg7PFAG51UX13hlHuESvfVcswVxRcQ12s
static/css/2.01cbf616.chunk.css,QauRzbKGk3FC23jzUPB-7wBqV28EF2Cx6UizeRmqm6o
static/css/main.0d056487.chunk.css,OfQXtskPpibVuHS8-NGMdmu42NBIFF-4vC4unUsT8t0
static/css/2.01cbf616.chunk.css.map,ZA8lGQAx5zfIHZc0_BoIFWCmHvGrCCrYsfN67BSqkvc
static/css/main.0d056487.chunk.css.map,8HAq0lvUo1CK9Kqq1dLRhfszZJplO_9Nc-8moU874Hs
static/js/22.f5f531af.chunk.js,x6XwCsBaVsoraUmNsqZiUlPVjOR30jb5U4yazex_DH8
static/js/11.b63f3edc.chunk.js,ZUHjZEiIyo8ZEy53842oLBych6YeLS-AccJBGk1-aVE
static/js/13.3b641270.chunk.js.map,0YR5_O0OZk-MV55uvwPNQQ2kSIamnGGX6jsOkcK79XY
static/js/1.f442f9ed.chunk.js.map,wE7MTuHyvtGZq0KTW2mbWCUtpRh6n51WpBOMxqlwJ6g
static/js/24.83064567.chunk.js.map,voNUjwAewIZUVtSTTE-fpkx7GRpcOCOSeyMy-0Lv-Ho
static/js/14.d35760b3.chunk.js.map,wmqmxAb5hic5PkVKTwKd4um_LN_4H3BPvbAJIrLXzvs
static/js/runtime-main.3d50f2e9.js.map,QTM3p1t3auS2HXWhNjJQkSZK-ZpZzoFI3U8S23p2zDk
static/js/35.248162d6.chunk.js,rZQvG9ufujvIk0_1nwdzH8Xz5S11iRG_ZYoaLRsMAtI
static/js/20.0213b3e0.chunk.js,yWLtQU8JhyT6G1Zu6-lmiQYfd-x2ZPfuVsSwYmL7R60
static/js/0.e39d1cdd.chunk.js.map,IoOMS1_59T4tj_sTHtb6lXwYiJtsaM55ZKSbGWtsJ-c
static/js/32.e2eec5f5.chunk.js,RAPdy415ZNqxnINIvTe8qzknyTLwRc4PQoQzlwvLR_0
static/js/23.43ae928d.chunk.js.map,pufewhkMSUIVTBCJcymSvAKKZXvyL8dTWesttsp-sDY
static/js/22.f5f531af.chunk.js.map,QZdVyc--LNW5PuGYHgVbBooi5Nwfu3MCVGpMbc3yrEs
static/js/30.943e7281.chunk.js,FEgg9s9J4rsDPnObUDXHJ-pm0Xwt0L17fgrhjgk1Gsk
static/js/15.3b15beec.chunk.js.map,OaCjV7kGpvqmI0rPqwUOK1a7uwhf0nU1UYf-eM3EOj4
static/js/0.e39d1cdd.chunk.js,WFoxEhTLnHVVNYuWp60ydqTOjPMZi9slfayeYD6vKCo
static/js/37.6a73356b.chunk.js.map,treujP6bPchAD9iVRZJOB1YOteBFWDQHTG5AtbLUyoo
static/js/25.ace6b5d3.chunk.js.map,-7tWQbBEWzBw7Eal5wAD8KKwfKPCSKVnMbBU_Vn-nXQ
static/js/8.f74963ab.chunk.js.map,TbQWyPmkIcqIeu3ACXxYunoG6j6ZXmqgupl78SkSzvs
static/js/34.8dfc011e.chunk.js.map,rsn9KtYLoN1p6EsjHcKGAR6PcE_mxGOkD4jqeuREWUM
static/js/1.f442f9ed.chunk.js,URg4bEGjiB6Y6KCoudE0CsRZa3FuIhinC0KKiP6FcQM
static/js/19.94334738.chunk.js.map,YXm4XwPIZ1t70sgvoYvIoqfXwDFEa8tp0AoZm_3oGAs
static/js/21.91c285b5.chunk.js.map,Wx9q6h_Q_sgNNIqDgtghzohVqnxTdr43MvOk9p0cRIY
static/js/39.6ba6c928.chunk.js.map,SnCoH2ftgvIdLitCQO8b3qRRvapY-daZs0vrlQh60f4
static/js/31.946a79b6.chunk.js.map,YMw6mmEAyx2lFGO1dIQYzlzWfuFI8KVU9boCRTeVQK0
static/js/32.e2eec5f5.chunk.js.map,fQEpD0tcOCZm-HLxoEUMG_YwYTacMP_ZJ_pJKlKGVDY
static/js/34.8dfc011e.chunk.js,cUdT6HDP3w-Ph_5Ih4V0ejPQWhYxp0UWNBhMXpbRiXA
static/js/30.943e7281.chunk.js.map,cF1HtzM8blPthJYWnSl8IZi7xGNvRiNuy0VDRKZfLTE
static/js/28.d3ce9af2.chunk.js.map,SDcOP6gHXZM3f9DP4VEm9FXdacNd_SSSLbRqg1ilMYs
static/js/25.ace6b5d3.chunk.js,YdQ7epzAnG_hwToJX6-X5KQXvExmM_GA2-q4O2e10aI
static/js/27.eb776d48.chunk.js.map,dfzBEip9oKWkKz-hziaa7wKaWqo592PE8_MocoVwvYo
static/js/9.17bc85bc.chunk.js.map,956NUcqixtfAxldzEODNwncadqEyVxYi93_OhNaBjME
static/js/38.6c93eeeb.chunk.js.map,I9V-8M1zgSX6WxsvFYj5MmQ7g9Yz3dk9jJVGq897Fns
static/js/15.3b15beec.chunk.js,lxYCDoq_fC2gI3CZfoALZ5A97jjauqkqU59kaiHvzYE
static/js/16.487984df.chunk.js,0wH7McUJ5QYRrt4P7sjgPcB64tW3i8DThyYFvlhEtMM
static/js/26.d3974161.chunk.js,QH6sUlQy5qY8UAb7tP8xpIgYShJH7WhMx9KC0KfieNw
static/js/33.36f2dfaf.chunk.js,uq63AlTFuYoASFD2nxYmB-ytUcEC3W1gV2a_9NQ15C8
static/js/26.d3974161.chunk.js.map,vMHuIUaL0lZQuKGnS1PWejXvFHReiO1cXGxU7oCt2nM
static/js/2.70b1d9f0.chunk.js,OWRaBykLsRDoqajcJrMAc4RtWF28Q00eccnkEvyKHmI
static/js/23.43ae928d.chunk.js,mYPch4cnqpWr4E-EdE9wszFzXcjYwR8Ank8bSSNeCvg
static/js/3.e2337ac8.chunk.js.map,5gbaqVNukOd6LrvD662C_Yrza2gyVryh7YM1R3DX97w
static/js/12.4c9fd3c2.chunk.js.map,e6bxtJ4eGMOZdxSzW_AwirKbQulIHkTyKw9etMtNtHw
static/js/10.2f4457c9.chunk.js.map,kS0ffnMZe7ryiMshxnloCgVl89BPptZMqbDgyqcse04
static/js/14.d35760b3.chunk.js,3NqfzOf9wllTXKEjyaQFetAgDCRfJTqxWYzPkxpF7pI
static/js/7.0f43347f.chunk.js.LICENSE.txt,rCLZfKsvHjdodVC1VCxhWajAG_NDGErmibak6-QcS-k
static/js/29.30b52f8e.chunk.js.map,3ERSMJ-w64MgiOvcca6sR85mwRbiJVsl2A6r69MZ7wA
static/js/29.30b52f8e.chunk.js,xq8h_DlMJWJqUn90ZQbY69ElPwIE7uk3Vp0168AjUV8
static/js/11.b63f3edc.chunk.js.map,ySFLJEZvRhEZvu5Guf-tH5GGicz-18-ifB71lj7oSao
static/js/10.2f4457c9.chunk.js,X5RdqHs5uvzu2uqzeQw-NBqQZD_CrHJEEeO_vPJBU-o
static/js/18.e904dd1a.chunk.js,CeAhoiTHqFv0dC7CRwHfjT5cxz7_yO3E-ezfRW920FY
static/js/20.0213b3e0.chunk.js.map,0TSw6Io8RYjFhIKXdNRz2M2x0XAmOu8phuPdVGYMrSg
static/js/12.4c9fd3c2.chunk.js,4kHZC2C3p1RJNeDMff4GCa2aMn36kDwxJ48FkO2pIEs
static/js/main.42a0dbb3.chunk.js,xotmP1SVtqbWPebt2x7NK9xtppLfYALDvEgnwwQje9Q
static/js/35.248162d6.chunk.js.map,mw0NObaqL9DICwNHPZ1Fb7NS9g3zDQKLDGfTIvuDcxQ
static/js/17.3d6227da.chunk.js.map,TA5wauOHTjM6gGUnrwYtl7eTc66YlTQ3qs9oihShAYo
static/js/8.f74963ab.chunk.js,hymzDSoQBRQcPLCvJo77Cv5HiCTAAEP2nxJOJZJy3EA
static/js/7.0f43347f.chunk.js,Q3L8PCRQHr_73sf0S-BYp7KSUnJrhRxtIPd_RAh-ArM
static/js/31.946a79b6.chunk.js,hnXhZYFUXOrBY-iC8XqpUD3QhBijmKl3oL842AF0N5M
static/js/17.3d6227da.chunk.js,raxbxwNy2pK1ZRkMbdHpDVv4ReaqPmZVG9DvXNZOo5Y
static/js/36.9b7d337a.chunk.js.map,wrJu-O1fq9Lz2GwZ-lzKoxZVSm7OAEcN-STf1GxoB2g
static/js/39.6ba6c928.chunk.js,s2vif4_h2VnsCCdZUdSjn6c9TVchAmztnRuIBgakcno
static/js/2.70b1d9f0.chunk.js.map,-th8tia-0g_Y7EM51m0427x3fOb_93LlEHzsFoZCLYs
static/js/runtime-main.3d50f2e9.js,z7KQ4WHcD8N6K5ltb8IjplsBlEheOhm6BPibwKGZ1JQ
static/js/37.6a73356b.chunk.js,cFjmd8ALDsxr0jxM12LhHxsAzwmUC3vvUhb0d45EhQE
static/js/24.83064567.chunk.js,QxeL-P4flH6yBxaBfpFAVsAoHgiVcTdtEESA92Od0i0
static/js/33.36f2dfaf.chunk.js.map,aQBs1VzMtxDSZqpPanmoJfwJ2JZnrxd98Uf8N6xh9s0
static/js/38.6c93eeeb.chunk.js,5kvQzuJP5zI8sUM2P0MFzBs645IYcXNL5Q2AemQ0bMc
static/js/3.e2337ac8.chunk.js,SSja7PwAi_wORePYs4a2z0fBCYH1kqA2_l4u6XhF0Rs
static/js/18.e904dd1a.chunk.js.map,tCWMya-RhkLTzf_sq0VDx6ELCdpLjkHeTnbPCgO7R1s
static/js/6.69eb7534.chunk.js.LICENSE.txt,SZ7e0H12czVMXZAWVW1FonLQsXYXYyUW20UNzdg2nE4
static/js/19.94334738.chunk.js,_ETZfR9bxgpFldIaBs9pc4QmseRsAPA8Kfw-Im9SoRo
static/js/9.17bc85bc.chunk.js,M9cEj5yfZKsJmCpofVxzUMEKfKbg1gZn4tcSEDTX68g
static/js/27.eb776d48.chunk.js,BzY3QfQgx79SDJCqjnlgEHJ9WBMaYwqvaho6osJOJmg
static/js/main.42a0dbb3.chunk.js.map,lJuFChRhLKn30D5lwyQ6URhQdnXUyBTeiWZZP7wleQ4
static/js/13.3b641270.chunk.js,nfKZbWoVivNH1o0H3yK6ZKU7vGekmdOSXtqxaUky7Po
static/js/36.9b7d337a.chunk.js,WJeFLHESQJgmscj4JAFfj7tylY3MyL-pTaN2dp6l1dE
static/js/8.f74963ab.chunk.js.LICENSE.txt,Qfs5cD8C0_kai4FRybpG06zzuNEPT_C9yJI6jFULZds
static/js/21.91c285b5.chunk.js,kEBZPEglZbrimJcq0msYxQtYXky0uPdnCHrQzZdT7SQ
static/js/16.487984df.chunk.js.map,G6c60uW99uaK-D8ADlJwLvXrA4LvBxdxDaJ2oE-p1rc
static/media/illustration.4c0a41ca.png,tolAcmRXoODiKQ33eJSzpwt-BKaU-XZfuJLSy1TitRk
static/js/7.0f43347f.chunk.js.map,_5WtVrhB26aDShR_mDLapkR8W7IQTupwDiJI5f_5YTs
static/js/6.69eb7534.chunk.js,2nbNAWYc3q5EOnq20xmJAP-02YqN7kh7Nns-cwFsF5E
static/js/6.69eb7534.chunk.js.map,pJ_Y6UKIKZHYFRV8GONUDpRnxLyeHqX3RDlQ_0f69vI
